{"simID":4039572028713473796,"stepNum":0,"vehicle":{"vehicleID":0,"roadID":1,"speed":14.000000,"acceleration":0.000000,"xPosition":464.000000,"yPosition":365.000000},"correctFlag":0}
{"simID":4039572028713473796,"stepNum":1,"vehicle":{"vehicleID":0,"roadID":1,"speed":14.000000,"acceleration":0.000000,"xPosition":478.000000,"yPosition":365.000000},"correctFlag":0}
{"simID":4039572028713473796,"stepNum":2,"vehicle":{"vehicleID":0,"roadID":1,"speed":14.000000,"acceleration":0.000000,"xPosition":492.000000,"yPosition":365.000000},"correctFlag":0}
{"simID":4039572028713473796,"stepNum":2,"vehicle":{"vehicleID":1,"roadID":1,"speed":14.000000,"acceleration":0.000000,"xPosition":464.000000,"yPosition":365.000000},"correctFlag":0}
{"simID":4039572028713473796,"stepNum":3,"vehicle":{"vehicleID":0,"roadID":1,"speed":14.000000,"acceleration":0.000000,"xPosition":506.000000,"yPosition":365.000000},"correctFlag":0}
{"simID":4039572028713473796,"stepNum":3,"vehicle":{"vehicleID":1,"roadID":1,"speed":14.000000,"acceleration":0.000000,"xPosition":478.000000,"yPosition":365.000000},"correctFlag":0}
{"simID":4039572028713473796,"stepNum":4,"vehicle":{"vehicleID":0,"roadID":1,"speed":14.000000,"acceleration":0.000000,"xPosition":520.000000,"yPosition":365.000000},"correctFlag":0}
{"simID":4039572028713473796,"stepNum":4,"vehicle":{"vehicleID":1,"roadID":1,"speed":14.000000,"acceleration":0.000000,"xPosition":492.000000,"yPosition":375.000000},"correctFlag":0}
{"simID":4039572028713473796,"stepNum":5,"vehicle":{"vehicleID":1,"roadID":1,"speed":14.000000,"acceleration":0.000000,"xPosition":506.000000,"yPosition":375.000000},"correctFlag":0}
{"simID":4039572028713473796,"stepNum":5,"vehicle":{"vehicleID":0,"roadID":1,"speed":11.000000,"acceleration":-3.000000,"xPosition":531.000000,"yPosition":365.000000},"correctFlag":0}
{"simID":4039572028713473796,"stepNum":6,"vehicle":{"vehicleID":1,"roadID":1,"speed":14.000000,"acceleration":0.000000,"xPosition":520.000000,"yPosition":375.000000},"correctFlag":0}
{"simID":4039572028713473796,"stepNum":6,"vehicle":{"vehicleID":0,"roadID":1,"speed":9.000000,"acceleration":-2.000000,"xPosition":540.000000,"yPosition":365.000000},"correctFlag":0}
{"simID":4039572028713473796,"stepNum":7,"vehicle":{"vehicleID":1,"roadID":1,"speed":11.000000,"acceleration":-3.000000,"xPosition":531.000000,"yPosition":375.000000},"correctFlag":0}
{"simID":4039572028713473796,"stepNum":7,"vehicle":{"vehicleID":0,"roadID":1,"speed":6.000000,"acceleration":-3.000000,"xPosition":546.000000,"yPosition":365.000000},"correctFlag":0}
{"simID":4039572028713473796,"stepNum":8,"vehicle":{"vehicleID":1,"roadID":1,"speed":9.000000,"acceleration":-2.000000,"xPosition":540.000000,"yPosition":375.000000},"correctFlag":0}
{"simID":4039572028713473796,"stepNum":8,"vehicle":{"vehicleID":0,"roadID":1,"speed":4.000000,"acceleration":-2.000000,"xPosition":550.000000,"yPosition":365.000000},"correctFlag":0}
{"simID":4039572028713473796,"stepNum":9,"vehicle":{"vehicleID":1,"roadID":1,"speed":6.000000,"acceleration":-3.000000,"xPosition":546.000000,"yPosition":385.000000},"correctFlag":0}
{"simID":4039572028713473796,"stepNum":9,"vehicle":{"vehicleID":0,"roadID":1,"speed":3.000000,"acceleration":-1.000000,"xPosition":553.000000,"yPosition":365.000000},"correctFlag":0}
{"simID":4039572028713473796,"stepNum":9,"vehicle":{"vehicleID":2,"roadID":1,"speed":14.000000,"acceleration":0.000000,"xPosition":464.000000,"yPosition":365.000000},"correctFlag":0}
{"simID":4039572028713473796,"stepNum":9,"vehicle":{"vehicleID":3,"roadID":4,"speed":14.000000,"acceleration":0.000000,"xPosition":605.000000,"yPosition":576.000000},"correctFlag":0}
