{"simID":4823021089333874423,"stepNum":0,"phase":{"phaseId":0,"xPosition":599.000000,"yPosition":395.000000,"color":0}}
{"simID":4823021089333874423,"stepNum":0,"phase":{"phaseId":1,"xPosition":599.000000,"yPosition":385.000000,"color":0}}
{"simID":4823021089333874423,"stepNum":0,"phase":{"phaseId":2,"xPosition":599.000000,"yPosition":375.000000,"color":0}}
{"simID":4823021089333874423,"stepNum":0,"phase":{"phaseId":3,"xPosition":599.000000,"yPosition":365.000000,"color":0}}
{"simID":4823021089333874423,"stepNum":0,"phase":{"phaseId":20,"xPosition":645.000000,"yPosition":359.000000,"color":0}}
{"simID":4823021089333874423,"stepNum":0,"phase":{"phaseId":21,"xPosition":655.000000,"yPosition":359.000000,"color":0}}
{"simID":4823021089333874423,"stepNum":0,"phase":{"phaseId":22,"xPosition":665.000000,"yPosition":359.000000,"color":0}}
{"simID":4823021089333874423,"stepNum":0,"phase":{"phaseId":23,"xPosition":675.000000,"yPosition":359.000000,"color":0}}
{"simID":4823021089333874423,"stepNum":0,"phase":{"phaseId":50,"xPosition":681.000000,"yPosition":405.000000,"color":0}}
{"simID":4823021089333874423,"stepNum":0,"phase":{"phaseId":51,"xPosition":681.000000,"yPosition":415.000000,"color":0}}
{"simID":4823021089333874423,"stepNum":0,"phase":{"phaseId":52,"xPosition":681.000000,"yPosition":425.000000,"color":0}}
{"simID":4823021089333874423,"stepNum":0,"phase":{"phaseId":53,"xPosition":681.000000,"yPosition":435.000000,"color":0}}
{"simID":4823021089333874423,"stepNum":0,"phase":{"phaseId":70,"xPosition":635.000000,"yPosition":441.000000,"color":0}}
{"simID":4823021089333874423,"stepNum":0,"phase":{"phaseId":71,"xPosition":625.000000,"yPosition":441.000000,"color":0}}
{"simID":4823021089333874423,"stepNum":0,"phase":{"phaseId":72,"xPosition":615.000000,"yPosition":441.000000,"color":0}}
{"simID":4823021089333874423,"stepNum":0,"phase":{"phaseId":73,"xPosition":605.000000,"yPosition":441.000000,"color":0}}
{"simID":4823021089333874423,"stepNum":1,"phase":{"phaseId":0,"xPosition":599.000000,"yPosition":395.000000,"color":2}}
{"simID":4823021089333874423,"stepNum":1,"phase":{"phaseId":1,"xPosition":599.000000,"yPosition":385.000000,"color":2}}
{"simID":4823021089333874423,"stepNum":1,"phase":{"phaseId":2,"xPosition":599.000000,"yPosition":375.000000,"color":2}}
{"simID":4823021089333874423,"stepNum":1,"phase":{"phaseId":3,"xPosition":599.000000,"yPosition":365.000000,"color":2}}
{"simID":4823021089333874423,"stepNum":1,"phase":{"phaseId":20,"xPosition":645.000000,"yPosition":359.000000,"color":2}}
{"simID":4823021089333874423,"stepNum":1,"phase":{"phaseId":21,"xPosition":655.000000,"yPosition":359.000000,"color":0}}
{"simID":4823021089333874423,"stepNum":1,"phase":{"phaseId":22,"xPosition":665.000000,"yPosition":359.000000,"color":0}}
{"simID":4823021089333874423,"stepNum":1,"phase":{"phaseId":23,"xPosition":675.000000,"yPosition":359.000000,"color":0}}
{"simID":4823021089333874423,"stepNum":1,"phase":{"phaseId":50,"xPosition":681.000000,"yPosition":405.000000,"color":2}}
{"simID":4823021089333874423,"stepNum":1,"phase":{"phaseId":51,"xPosition":681.000000,"yPosition":415.000000,"color":2}}
{"simID":4823021089333874423,"stepNum":1,"phase":{"phaseId":52,"xPosition":681.000000,"yPosition":425.000000,"color":2}}
{"simID":4823021089333874423,"stepNum":1,"phase":{"phaseId":53,"xPosition":681.000000,"yPosition":435.000000,"color":2}}
{"simID":4823021089333874423,"stepNum":1,"phase":{"phaseId":70,"xPosition":635.000000,"yPosition":441.000000,"color":2}}
{"simID":4823021089333874423,"stepNum":1,"phase":{"phaseId":71,"xPosition":625.000000,"yPosition":441.000000,"color":0}}
{"simID":4823021089333874423,"stepNum":1,"phase":{"phaseId":72,"xPosition":615.000000,"yPosition":441.000000,"color":0}}
{"simID":4823021089333874423,"stepNum":1,"phase":{"phaseId":73,"xPosition":605.000000,"yPosition":441.000000,"color":0}}
{"simID":4823021089333874423,"stepNum":2,"phase":{"phaseId":0,"xPosition":599.000000,"yPosition":395.000000,"color":2}}
{"simID":4823021089333874423,"stepNum":2,"phase":{"phaseId":1,"xPosition":599.000000,"yPosition":385.000000,"color":2}}
{"simID":4823021089333874423,"stepNum":2,"phase":{"phaseId":2,"xPosition":599.000000,"yPosition":375.000000,"color":2}}
{"simID":4823021089333874423,"stepNum":2,"phase":{"phaseId":3,"xPosition":599.000000,"yPosition":365.000000,"color":2}}
{"simID":4823021089333874423,"stepNum":2,"phase":{"phaseId":20,"xPosition":645.000000,"yPosition":359.000000,"color":2}}
{"simID":4823021089333874423,"stepNum":2,"phase":{"phaseId":21,"xPosition":655.000000,"yPosition":359.000000,"color":0}}
{"simID":4823021089333874423,"stepNum":2,"phase":{"phaseId":22,"xPosition":665.000000,"yPosition":359.000000,"color":0}}
{"simID":4823021089333874423,"stepNum":2,"phase":{"phaseId":23,"xPosition":675.000000,"yPosition":359.000000,"color":0}}
{"simID":4823021089333874423,"stepNum":2,"phase":{"phaseId":50,"xPosition":681.000000,"yPosition":405.000000,"color":2}}
{"simID":4823021089333874423,"stepNum":2,"phase":{"phaseId":51,"xPosition":681.000000,"yPosition":415.000000,"color":2}}
{"simID":4823021089333874423,"stepNum":2,"phase":{"phaseId":52,"xPosition":681.000000,"yPosition":425.000000,"color":2}}
{"simID":4823021089333874423,"stepNum":2,"phase":{"phaseId":53,"xPosition":681.000000,"yPosition":435.000000,"color":2}}
{"simID":4823021089333874423,"stepNum":2,"phase":{"phaseId":70,"xPosition":635.000000,"yPosition":441.000000,"color":2}}
{"simID":4823021089333874423,"stepNum":2,"phase":{"phaseId":71,"xPosition":625.000000,"yPosition":441.000000,"color":0}}
{"simID":4823021089333874423,"stepNum":2,"phase":{"phaseId":72,"xPosition":615.000000,"yPosition":441.000000,"color":0}}
{"simID":4823021089333874423,"stepNum":2,"phase":{"phaseId":73,"xPosition":605.000000,"yPosition":441.000000,"color":0}}
{"simID":4823021089333874423,"stepNum":3,"phase":{"phaseId":0,"xPosition":599.000000,"yPosition":395.000000,"color":2}}
{"simID":4823021089333874423,"stepNum":3,"phase":{"phaseId":1,"xPosition":599.000000,"yPosition":385.000000,"color":2}}
{"simID":4823021089333874423,"stepNum":3,"phase":{"phaseId":2,"xPosition":599.000000,"yPosition":375.000000,"color":2}}
{"simID":4823021089333874423,"stepNum":3,"phase":{"phaseId":3,"xPosition":599.000000,"yPosition":365.000000,"color":2}}
{"simID":4823021089333874423,"stepNum":3,"phase":{"phaseId":20,"xPosition":645.000000,"yPosition":359.000000,"color":2}}
{"simID":4823021089333874423,"stepNum":3,"phase":{"phaseId":21,"xPosition":655.000000,"yPosition":359.000000,"color":0}}
{"simID":4823021089333874423,"stepNum":3,"phase":{"phaseId":22,"xPosition":665.000000,"yPosition":359.000000,"color":0}}
{"simID":4823021089333874423,"stepNum":3,"phase":{"phaseId":23,"xPosition":675.000000,"yPosition":359.000000,"color":0}}
{"simID":4823021089333874423,"stepNum":3,"phase":{"phaseId":50,"xPosition":681.000000,"yPosition":405.000000,"color":2}}
{"simID":4823021089333874423,"stepNum":3,"phase":{"phaseId":51,"xPosition":681.000000,"yPosition":415.000000,"color":2}}
{"simID":4823021089333874423,"stepNum":3,"phase":{"phaseId":52,"xPosition":681.000000,"yPosition":425.000000,"color":2}}
{"simID":4823021089333874423,"stepNum":3,"phase":{"phaseId":53,"xPosition":681.000000,"yPosition":435.000000,"color":2}}
{"simID":4823021089333874423,"stepNum":3,"phase":{"phaseId":70,"xPosition":635.000000,"yPosition":441.000000,"color":2}}
{"simID":4823021089333874423,"stepNum":3,"phase":{"phaseId":71,"xPosition":625.000000,"yPosition":441.000000,"color":0}}
{"simID":4823021089333874423,"stepNum":3,"phase":{"phaseId":72,"xPosition":615.000000,"yPosition":441.000000,"color":0}}
{"simID":4823021089333874423,"stepNum":3,"phase":{"phaseId":73,"xPosition":605.000000,"yPosition":441.000000,"color":0}}
{"simID":4823021089333874423,"stepNum":4,"phase":{"phaseId":0,"xPosition":599.000000,"yPosition":395.000000,"color":2}}
{"simID":4823021089333874423,"stepNum":4,"phase":{"phaseId":1,"xPosition":599.000000,"yPosition":385.000000,"color":2}}
{"simID":4823021089333874423,